context,question,options,answer
"Cloud orchestration refers to the automated arrangement, coordination, and management of cloud services and resources to achieve desired business outcomes.",What is cloud orchestration?,A. Manual control of cloud resources | B. The automated management and coordination of cloud resources | C. Data storage management | D. The use of cloud services for physical hardware management,B. The automated management and coordination of cloud resources
"Network virtualization allows multiple virtual networks to operate on top of a single physical network, improving resource utilization and flexibility.",What is the benefit of network virtualization?,A. It reduces the need for physical hardware | B. It increases the cost of networking | C. It limits network access | D. It eliminates the need for network security,A. It reduces the need for physical hardware
The use of AI in cybersecurity helps identify and respond to threats more quickly by analyzing patterns in data and detecting anomalies.,How does AI enhance cybersecurity?,A. By replacing human cybersecurity experts | B. By analyzing data patterns and detecting anomalies | C. By encrypting all data automatically | D. By blocking all internet traffic,B. By analyzing data patterns and detecting anomalies
"Big Data technologies help process and analyze large volumes of data to uncover patterns, trends, and insights.",What is the main purpose of Big Data technologies?,A. Storing small amounts of data | B. Processing and analyzing large data sets | C. Removing redundant data | D. Data encryption,B. Processing and analyzing large data sets
"Machine learning involves training algorithms to learn patterns from data, allowing them to make predictions or decisions without being explicitly programmed.",What does machine learning enable?,A. Preprogrammed decision-making | B. Learning patterns from data | C. Manual rule creation | D. Data encryption,B. Learning patterns from data
"Cloud computing offers on-demand delivery of computing resources over the internet, enabling scalability and cost efficiency.",What is one advantage of cloud computing?,A. Increased hardware costs | B. Scalability and cost efficiency | C. Reduced internet usage | D. Manual resource allocation,B. Scalability and cost efficiency
"Data encryption ensures that information is converted into a secure format, protecting it from unauthorized access.",What is the purpose of data encryption?,A. To allow public access | B. To convert data into a secure format | C. To simplify data storage | D. To remove duplicates,B. To convert data into a secure format
"The Internet of Things (IoT) connects devices to the internet, enabling them to collect and exchange data.",What does IoT enable?,A. Devices to remain offline | B. Devices to collect and exchange data | C. Reduced connectivity | D. Manual data collection,B. Devices to collect and exchange data
"Virtual reality (VR) creates an immersive digital environment, often used in gaming, training, and simulations.",What is a common use of virtual reality?,A. Data encryption | B. Creating immersive digital environments | C. Enhancing physical hardware | D. Managing cloud resources,B. Creating immersive digital environments
"Augmented reality (AR) overlays digital information onto the physical world, enhancing real-world experiences.",What does augmented reality do?,A. Overlays digital information on the physical world | B. Creates a completely digital environment | C. Processes large datasets | D. Encrypts user data,A. Overlays digital information on the physical world
Blockchain provides a decentralized ledger for recording transactions securely and transparently.,What is the main purpose of blockchain?,A. Centralizing data storage | B. Recording transactions securely and transparently | C. Encrypting small files | D. Manual transaction tracking,B. Recording transactions securely and transparently
"Artificial intelligence (AI) enables machines to simulate human intelligence, including problem-solving and learning.",What does AI enable machines to do?,A. Simulate human intelligence | B. Store data securely | C. Operate without algorithms | D. Encrypt all files,A. Simulate human intelligence
"DevOps practices promote collaboration between development and operations teams, improving software delivery processes.",What is the goal of DevOps?,A. To separate development and operations | B. To promote collaboration and improve delivery processes | C. To slow down software development | D. To reduce automation,B. To promote collaboration and improve delivery processes
"Cybersecurity measures protect systems, networks, and data from cyber threats.",What is the primary goal of cybersecurity?,"A. To store user data | B. To protect systems, networks, and data from threats | C. To reduce internet usage | D. To encrypt all communication","B. To protect systems, networks, and data from threats"
Data analytics involves examining datasets to draw conclusions about the information they contain.,What is the purpose of data analytics?,A. To discard irrelevant data | B. To examine datasets for insights | C. To encrypt large files | D. To store data offline,B. To examine datasets for insights
5G technology offers faster internet speeds and improved connectivity compared to previous generations.,What is one advantage of 5G technology?,A. Slower internet speeds | B. Improved connectivity and speed | C. Increased hardware requirements | D. Reduced bandwidth,B. Improved connectivity and speed
A firewall monitors and controls incoming and outgoing network traffic based on security rules.,What does a firewall do?,A. Encrypts all files | B. Monitors and controls network traffic | C. Disables internet access | D. Deletes malicious software,B. Monitors and controls network traffic
Natural language processing (NLP) allows computers to understand and process human language.,What does NLP enable computers to do?,A. Store language data | B. Understand and process human language | C. Create secure passwords | D. Encrypt communication,B. Understand and process human language
Edge computing processes data closer to the source to reduce latency and improve performance.,What is the benefit of edge computing?,A. Increased data latency | B. Reduced latency and improved performance | C. Centralized data storage | D. Decreased processing speed,B. Reduced latency and improved performance
Data backup ensures a copy of data is available for recovery in case of data loss.,What is the purpose of data backup?,A. To delete old files | B. To create a copy for recovery | C. To reduce storage space | D. To encrypt data,B. To create a copy for recovery
An API (Application Programming Interface) allows different software applications to communicate with each other.,What is the role of an API?,A. To restrict software functionality | B. To allow software applications to communicate | C. To enhance hardware performance | D. To encrypt communication,B. To allow software applications to communicate
"Automation uses technology to perform tasks with minimal human intervention, improving efficiency.",What is the benefit of automation?,A. Reduced efficiency | B. Minimal human intervention | C. Increased complexity | D. Manual task execution,B. Minimal human intervention
A VPN (Virtual Private Network) secures internet connections by encrypting data and masking IP addresses.,What is the purpose of a VPN?,A. To reduce internet speed | B. To secure connections by encrypting data | C. To delete browsing history | D. To increase hardware costs,B. To secure connections by encrypting data
